model,model_display,avg_Context_Tokens,std_Context_Tokens,avg_Token_Efficiency_Ratio,std_Token_Efficiency_Ratio
Naive,Naive (Neo4j full-text lexical baseline),2669.17,1071.113951259582,,
BM25,BM25 (rank_bm25 lexical baseline),3064.715,1248.333443316936,1.2149231054543135,0.4410092140461849
Dense,Dense Embedding (all-MiniLM-L6-v2 semantic retrieval baseline),1960.855,952.2147914310618,0.7899242638473516,0.36200102618492724
Dense_Legal,Dense Legal (InLegalBERT domain-adapted semantic baseline),1960.855,952.2147914310618,0.7899242638473516,0.36200102618492724
Advanced,"Advanced RAG (CORTEX pipeline; pruning=off, critic=off)",2546.195,1004.4540390469784,0.9583165180190624,0.10928765614828516
Cortex_Pruner_Only,"Cortex Pruner Only (pruning=on, critic=off)",2545.845,1004.5380502734757,0.9582259063457893,0.10957347012241539
Cortex_Critic_Only,"Cortex Critic Only (pruning=off, critic=on)",2637.415,1015.2150712927283,0.996438773254495,0.1114275772156251
Cortex,"Cortex Main (CORTEX pipeline; pruning=on, critic=on)",2621.21,1011.647865076862,0.9906206344736351,0.11442325594658577
Judge,Judge,1667.215,1267.952695872306,0.655512754063199,0.5595278883476437
