model,model_display,avg_mcq_accuracy,std_mcq_accuracy,avg_mcq_mrr,std_mcq_mrr
Naive,Naive (Neo4j full-text lexical baseline),0.935,0.247144496216384,0.9609166666666666,0.15239203370735988
BM25,BM25 (rank_bm25 lexical baseline),0.92,0.2719739863410307,0.9500833333333334,0.173007501217106
Dense,Dense Embedding (all-MiniLM-L6-v2 semantic retrieval baseline),0.9,0.30075282427025124,0.9419999999999998,0.1781469854044974
Dense_Legal,Dense Legal (InLegalBERT domain-adapted semantic baseline),0.9,0.30075282427025124,0.9419999999999998,0.1781469854044974
Advanced,"Advanced RAG (CORTEX pipeline; pruning=off, critic=off)",0.94,0.23808279460185097,0.9634166666666667,0.1488528393527018
Cortex_Pruner_Only,"Cortex Pruner Only (pruning=on, critic=off)",0.94,0.23808279460185097,0.9634166666666667,0.1488528393527018
Cortex_Critic_Only,"Cortex Critic Only (pruning=off, critic=on)",0.945,0.22855235921889458,0.9659166666666666,0.14518416172292017
Cortex,"Cortex Main (CORTEX pipeline; pruning=on, critic=on)",0.935,0.24714449621638404,0.9609166666666666,0.15239203370735988
Judge,Judge,0.57,0.4963181019179708,0.6125,0.4625981719340414
