model,model_display,avg_id_precision,avg_id_recall,avg_id_f1,avg_id_hit_at_5,avg_id_mrr,avg_id_map,avg_doc_accuracy,avg_article_accuracy,avg_retrieval_token_recall,avg_retrieval_rouge_l_f1,avg_mcq_accuracy,avg_mcq_mrr,avg_Context_Tokens,avg_Token_Efficiency_Ratio,avg_gen_token_f1,avg_gen_rouge_l_f1,avg_gen_bleu,avg_gen_meteor,avg_gen_semantic_similarity,avg_gen_bertscore_f1,avg_LLM_Score,avg_LLM_Relevance,avg_LLM_Faithfulness,avg_LLM_Completeness,avg_LLM_Precision,avg_Attempts,avg_Retrieval_Similarity,uncertainty_distribution
Naive,Naive (Neo4j full-text lexical baseline),0.18800000000000006,0.41681168831168836,0.23978525158416467,0.805,0.6745833333333333,0.3420795454545454,0.8889999999999999,0.17099999999999999,0.823627693338215,0.022040808945421767,0.935,0.9609166666666666,2669.17,,,,,,,,,,,,,,,
BM25,BM25 (rank_bm25 lexical baseline),0.18600000000000003,0.40487373737373744,0.23520750988142297,0.785,0.6286666666666667,0.3170399771524771,0.877,0.16299999999999998,0.8276220832593921,0.01922429257720606,0.92,0.9500833333333334,3064.715,1.2149231054543135,,,,,,,,,,,,,,
Dense,Dense Embedding (all-MiniLM-L6-v2 semantic retrieval baseline),0.188,0.406794067044067,0.2359585921325052,0.805,0.6940833333333333,0.33220021783771786,0.9069999999999999,0.16899999999999998,0.8082562052430788,0.0302291643510226,0.9,0.9419999999999998,1960.855,0.7899242638473516,,,,,,,,,,,,,,
Dense_Legal,Dense Legal (InLegalBERT domain-adapted semantic baseline),0.188,0.406794067044067,0.2359585921325052,0.805,0.6940833333333333,0.33220021783771786,0.9069999999999999,0.16899999999999998,0.8082562052430788,0.0302291643510226,0.9,0.9419999999999998,1960.855,0.7899242638473516,,,,,,,,,,,,,,
Advanced,"Advanced RAG (CORTEX pipeline; pruning=off, critic=off)",0.18800000000000006,0.41681168831168836,0.23978525158416467,0.805,0.67375,0.3414128787878788,0.9030000000000001,0.209,0.8230652959654727,0.02348269465400118,0.94,0.9634166666666667,2546.195,0.9583165180190624,0.22959546953513574,0.18452364357859255,0.04206406881651297,0.36504520650280725,0.6880912953565457,0.5805751261599404,,,,,,,,
Cortex_Pruner_Only,"Cortex Pruner Only (pruning=on, critic=off)",0.18825000000000003,0.41681168831168836,0.2400233468222599,0.805,0.6497499999999999,0.32927693001443004,0.9030000000000001,0.21,0.8230652959654727,0.02338086653053522,0.94,0.9634166666666667,2545.845,0.9582259063457893,0.23948550906143892,0.1929433855834811,0.04449923543483737,0.3791964008498931,0.6918654870731048,0.579137192384071,,,,,,,,
Cortex_Critic_Only,"Cortex Critic Only (pruning=off, critic=on)",0.07786195452032357,0.513032523032523,0.1281190224685359,0.805,0.6764543506062902,0.3594547248260973,0.9225842284506924,0.2369841125972355,0.8273519798023027,0.022292235888282236,0.945,0.9659166666666666,2637.415,0.996438773254495,0.22247800676407478,0.18005285831015908,0.03825841682716209,0.3645353590640844,0.6825346079329221,0.5796294027576888,,,,,,,,
Cortex,"Cortex Main (CORTEX pipeline; pruning=on, critic=on)",0.08138254484372663,0.49631571206571207,0.13000944152895597,0.805,0.5903956688736101,0.326122875501907,0.9208312459595694,0.2527852034471807,0.8263509219524555,0.022420513384755,0.935,0.9609166666666666,2621.21,0.9906206344736351,0.2270670039779386,0.18609233232203345,0.041314007483679645,0.3696877023163711,0.6872271703594872,0.5845955696949632,,,,,,,,
Judge,Judge,0.07605555555555556,0.264304945054945,0.11180848555917543,0.375,0.25603968253968257,0.13836013467352754,0.68,0.09449999999999999,0.5168751214192422,0.013684010987491084,0.57,0.6125,1667.215,0.655512754063199,0.21724707308809127,0.17542249746950606,0.03886414588279554,0.3505953638686143,0.7111867775934521,0.595000979790817,5.55375,5.855,5.51,4.54,6.36,0.825,0.4712965222746133,"{""low"": 89, ""high"": 72, ""medium"": 39}"
